DATETIME,IDENTIFIER,INFO,FILE,USER,LAB,VERSION,TAG1,TAG2,TAG3
"2013-03-09 02:05:28",catalog,X,catalog,53,129,2.4,X,X,X
"2013-03-09 02:05:30",lab_config_home,X,lab_config_home.php?id=129,53,129,2.4,X,X,X
"2013-03-09 02:05:33",view_stocks,X,view_stocks,53,129,2.4,X,X,X
"2013-03-09 02:05:37",catalog,X,catalog,53,129,2.4,X,X,X
"2013-03-09 02:05:38",reports,X,reports,53,129,2.4,X,X,X
"2013-03-09 02:05:40",catalog,X,catalog,53,129,2.4,X,X,X
"2013-03-09 02:05:42",lab_config_home,X,lab_config_home.php?id=129,53,129,2.4,X,X,X
"2013-03-09 02:05:44",view_stocks,X,view_stocks,53,129,2.4,X,X,X
"2013-03-09 02:05:53",reports,X,reports,53,129,2.4,X,X,X
"2013-03-09 02:05:58",search_p_dyn,op=1&qr=ab,search_p_dyn,53,129,2.4,X,X,X
"2013-03-09 02:06:01",reports_testhistory,from=2013-03-09&to=2013-03-09&ip=0&viz=,reports_testhistory.php?patient_id=2870&location=129&yf=2013&mf=03&df=09&yt=2013&mt=03&dt=09&ip=0,53,129,2.4,X,X,X
"2013-03-09 02:06:10",reports_testhistory,"from=2000-03-09&to=2013-03-09&ip=0&viz=[object HTMLInputElement]",reports_testhistory.php?location=129&patient_id=2870&yf=2000&mf=03&df=09&yt=2013&mt=03&dt=09&ip=0&viz=[object%20HTMLInputElement],53,129,2.4,X,X,X
"2013-03-09 02:07:39",reports,X,reports,123,-1,2.4,X,X,X
"2013-03-09 02:11:43",search,X,search,56,129,2.4,X,X,X
"2013-03-09 02:11:45",search_p_dyn,op=1&qr=a,search_p_dyn,56,129,2.4,X,X,X
"2013-03-09 02:11:47",find_patient,X,find_patient,56,129,2.4,X,X,X
"2013-03-09 02:13:25",reports,X,reports,503,-1,2.4,X,X,X
"2013-03-09 02:13:34",reports,X,reports,503,0,2.4,X,X,X
"2013-03-09 02:13:42",reports,X,reports,503,0,2.4,X,X,X
"2013-03-09 02:14:07",reports,X,reports,125,-1,2.4,X,X,X
"2013-03-09 02:14:25",reports,X,reports,501,-1,2.4,X,X,X
"2013-03-09 02:14:32",reports,X,reports,501,0,2.4,X,X,X
"2013-03-09 02:15:08",reports,X,reports,501,0,2.4,X,X,X
"2013-03-09 02:15:11",reports,X,reports,501,0,2.4,X,X,X
"2013-03-09 02:16:16",reports,X,reports,501,0,2.4,X,X,X
"2013-03-09 02:17:15",reports,X,reports,501,,2.4,X,X,X
"2013-03-09 02:17:19",reports,X,reports,501,0,2.4,X,X,X
"2013-03-09 02:17:47",reports,X,reports,502,-1,2.4,X,X,X
"2013-03-09 02:17:50",reports,X,reports,502,0,2.4,X,X,X
"2013-03-09 02:17:55",reports,X,reports,502,0,2.4,X,X,X
"2013-03-09 02:18:00",reports,X,reports,502,0,2.4,X,X,X
"2013-03-09 02:25:04",reports,X,reports,123,-1,2.4,X,X,X
"2013-03-09 02:25:13",reports,X,reports,123,0,2.4,X,X,X
"2013-03-09 02:28:00",backup_data_ui,X,backupDataUI.php?id=129,53,129,2.4,X,X,X
"2013-03-09 02:28:04",backup_data,X,backupData,53,129,2.4,X,X,X
"2013-03-09 02:32:17",reports,X,reports,123,0,2.4,X,X,X
"2013-03-09 02:32:21",reports,X,reports,123,0,2.4,X,X,X
"2013-03-09 02:32:33",reports,X,reports,123,0,2.4,X,X,X
"2013-03-09 02:33:03",reports,X,reports,125,-1,2.4,X,X,X
"2013-03-09 02:33:07",reports,X,reports,125,0,2.4,X,X,X
"2013-03-09 02:33:18",reports,X,reports,125,0,2.4,X,X,X
"2013-03-09 02:33:19",reports,X,reports,125,0,2.4,X,X,X
"2013-03-09 02:33:36",reports,X,reports,123,-1,2.4,X,X,X
"2013-03-09 02:45:20",reports,X,reports,53,127,2.4,X,X,X
"2013-03-09 02:45:23",search_p_dyn,op=1&qr=a,search_p_dyn,53,127,2.4,X,X,X
"2013-03-09 02:45:29",catalog,X,catalog,53,127,2.4,X,X,X
"2013-03-09 02:45:31",lab_config_home,X,lab_config_home.php?id=127,53,127,2.4,X,X,X
"2013-03-09 02:45:32",view_stocks,X,view_stocks,53,127,2.4,X,X,X
"2013-03-09 02:45:43",catalog,X,catalog,53,127,2.4,X,X,X
"2013-03-09 02:45:47",reports,X,reports,53,127,2.4,X,X,X
"2013-03-09 02:45:55",catalog,X,catalog,53,127,2.4,X,X,X
"2013-03-09 02:45:56",lab_config_home,X,lab_config_home.php?id=127,53,127,2.4,X,X,X
"2013-03-09 02:45:57",view_stocks,X,view_stocks,53,127,2.4,X,X,X
"2013-03-09 02:46:05",backup_data_ui,X,backupDataUI.php?id=127,53,127,2.4,X,X,X
"2013-03-09 02:46:22",backup_data,X,backupData,53,127,2.4,X,X,X
"2013-03-09 02:47:16",reports,X,reports,501,-1,2.4,X,X,X
"2013-03-09 02:47:20",reports,X,reports,501,0,2.4,X,X,X
"2013-03-09 02:47:29",reports,X,reports,501,0,2.4,X,X,X
"2013-03-09 02:47:40",reports,X,reports,501,0,2.4,X,X,X
"2013-03-09 02:47:43",reports,X,reports,501,0,2.4,X,X,X
"2013-03-09 02:48:43",reports,X,reports,501,-1,2.4,X,X,X
"2013-03-09 02:49:10",reports,X,reports,502,-1,2.4,X,X,X
"2013-03-09 02:49:22",reports,X,reports,502,0,2.4,X,X,X
"2013-03-10 18:25:15",reports,X,reports,123,-1,2.4,X,X,X
"2013-03-10 18:26:55",reports,X,reports,123,0,2.4,X,X,X
"2013-03-10 18:27:05",reports,X,reports,123,0,2.4,X,X,X
"2013-03-10 18:27:53",reports,X,reports,123,0,2.4,X,X,X
"2013-03-10 18:28:51",reports,X,reports,123,0,2.4,X,X,X
"2013-03-10 18:29:06",reports,X,reports,123,0,2.4,X,X,X
"2013-03-10 18:30:10",reports,X,reports,123,0,2.4,X,X,X
"2013-03-10 18:30:38",reports,X,reports,123,0,2.4,X,X,X
"2013-03-10 18:30:42",reports,X,reports,123,0,2.4,X,X,X
"2013-03-10 18:32:01",reports,X,reports,63,126,2.4,X,X,X
"2013-03-10 18:32:06",search_p_dyn,op=1&qr=a,search_p_dyn,63,126,2.4,X,X,X
"2013-03-10 18:32:34",catalog,X,catalog,63,126,2.4,X,X,X
"2013-03-10 18:32:39",reports,X,reports,63,126,2.4,X,X,X
"2013-03-10 18:32:40",catalog,X,catalog,63,126,2.4,X,X,X
"2013-03-10 18:32:45",reports,X,reports,63,126,2.4,X,X,X
"2013-03-10 18:33:02",reports_test_count_grouped,from=2000-06-13&to=2013-03-10,reports_testcount_grouped,63,126,2.4,X,X,X
"2013-03-10 18:35:29",reports,X,reports,123,-1,2.4,X,X,X
"2013-03-10 18:35:50",reports,X,reports,123,0,2.4,X,X,X
"2013-03-10 18:35:57",reports,X,reports,123,0,2.4,X,X,X
"2013-03-10 18:38:45",reports,X,reports,123,0,2.4,X,X,X
"2013-03-10 18:41:48",reports,X,reports,123,0,2.4,X,X,X
"2013-03-10 18:41:50",reports,X,reports,123,0,2.4,X,X,X
"2013-03-10 18:42:03",reports,X,reports,123,0,2.4,X,X,X
"2013-03-10 18:42:12",reports,X,reports,123,0,2.4,X,X,X
"2013-03-10 18:42:15",reports,X,reports,123,0,2.4,X,X,X
"2013-03-10 18:42:30",reports,X,reports,123,0,2.4,X,X,X
"2013-03-10 18:43:14",reports,X,reports,123,0,2.4,X,X,X
"2013-03-10 18:43:22",reports,X,reports,123,0,2.4,X,X,X
"2013-03-10 18:43:57",reports,X,reports,,,2.4,X,X,X
"2013-03-10 18:44:05",reports,X,reports,53,127,2.4,X,X,X
"2013-03-10 18:44:12",reports_test_count_grouped,from=2000-06-13&to=2013-03-10,reports_testcount_grouped,53,127,2.4,X,X,X
"2013-03-10 18:52:20",reports,X,reports,123,-1,2.4,X,X,X
"2013-03-10 18:52:23",reports,X,reports,123,0,2.4,X,X,X
"2013-03-10 18:53:29",reports,X,reports,123,0,2.4,X,X,X
"2013-03-10 18:53:36",reports,X,reports,123,0,2.4,X,X,X
"2013-03-10 18:54:03",reports,X,reports,123,0,2.4,X,X,X
"2013-03-10 18:54:09",reports,X,reports,123,0,2.4,X,X,X
"2013-03-10 18:55:05",reports,X,reports,53,127,2.4,X,X,X
"2013-03-10 18:55:10",search_p_dyn,op=1&qr=a,search_p_dyn,53,127,2.4,X,X,X
"2013-03-10 18:55:13",search_p_dyn,op=1&qr=a,search_p_dyn,53,127,2.4,X,X,X
"2013-03-10 18:55:15",catalog,X,catalog,53,127,2.4,X,X,X
"2013-03-10 18:55:17",reports,X,reports,53,127,2.4,X,X,X
"2013-03-10 18:55:20",search_p_dyn,op=1&qr=a,search_p_dyn,53,127,2.4,X,X,X
"2013-03-10 18:55:24",search_p_dyn,op=1&qr=a,search_p_dyn,53,127,2.4,X,X,X
"2013-03-10 18:55:42",reports,X,reports,53,127,2.4,X,X,X
"2013-03-10 18:55:52",search_p_dyn,op=1&qr=f,search_p_dyn,53,127,2.4,X,X,X
"2013-03-10 18:56:16",catalog,X,catalog,53,127,2.4,X,X,X
"2013-03-10 18:56:17",reports,X,reports,53,127,2.4,X,X,X
"2013-03-10 18:56:29",search_p_dyn,op=1&qr=ab,search_p_dyn,53,127,2.4,X,X,X
"2013-03-10 18:56:36",catalog,X,catalog,53,127,2.4,X,X,X
"2013-03-10 18:56:51",reports,X,reports,63,126,2.4,X,X,X
"2013-03-10 18:56:54",search_p_dyn,op=1&qr=a,search_p_dyn,63,126,2.4,X,X,X
"2013-03-10 18:57:10",reports,X,reports,,,2.4,X,X,X
"2013-03-10 18:57:24",reports,X,reports,53,127,2.4,X,X,X
"2013-03-10 18:57:27",search_p_dyn,op=1&qr=a,search_p_dyn,53,127,2.4,X,X,X
"2013-03-11 16:26:36",reports,X,reports,123,-1,2.4,X,X,X
"2013-03-11 16:26:53",reports,X,reports,123,0,2.4,X,X,X
"2013-03-11 16:36:35",backup_data_ui,X,backupDataUI.php?id=126,63,126,2.4,X,X,X
"2013-03-11 16:36:38",backup_data,X,backupData,63,126,2.4,X,X,X
"2013-03-11 16:37:00",backup_data_ui,X,backupDataUI.php?id=127,53,127,2.4,X,X,X
"2013-03-11 16:37:04",backup_data,X,backupData,53,127,2.4,X,X,X
"2013-03-11 16:37:17",reports,X,reports,53,127,2.4,X,X,X
"2013-03-11 17:23:13",search_p_dyn,op=1&qr=a,search_p_dyn,53,127,2.4,X,X,X
"2013-03-11 17:23:26",search_p_dyn,op=1&qr=mart,search_p_dyn,53,127,2.4,X,X,X
"2013-03-11 17:23:29",search_p_dyn,op=1&qr=martin,search_p_dyn,53,127,2.4,X,X,X
"2013-03-11 17:24:01",reports_testhistory,"from=2013-03-11&to=2013-03-11&ip=0\'&viz=",reports_billing.php?patient_id=5904&location=127&yf=2013&mf=03&df=11&yt=2013&mt=03&dt=11&ip=0%27,53,127,2.4,X,X,X
"2013-03-11 17:24:07",catalog,X,catalog,53,127,2.4,X,X,X
"2013-03-11 17:24:09",lab_config_home,X,lab_config_home.php?id=127,53,127,2.4,X,X,X
"2013-03-11 17:24:10",view_stocks,X,view_stocks,53,127,2.4,X,X,X
"2013-03-11 17:24:26",reports,X,reports,123,-1,2.4,X,X,X
"2013-03-11 17:24:36",reports,X,reports,123,0,2.4,X,X,X
"2013-03-11 17:26:49",reports,X,reports,123,0,2.4,X,X,X
"2013-03-11 17:27:25",reports,X,reports,123,0,2.4,X,X,X
"2013-03-11 17:27:59",reports,X,reports,123,0,2.4,X,X,X
"2013-03-11 17:28:31",reports,X,reports,123,0,2.4,X,X,X
"2013-03-11 17:29:18",reports,X,reports,125,-1,2.4,X,X,X
"2013-03-11 17:29:47",reports,X,reports,125,0,2.4,X,X,X
"2013-03-11 17:29:55",reports,X,reports,125,0,2.4,X,X,X
"2013-03-11 17:30:41",reports,X,reports,125,0,2.4,X,X,X
"2013-03-11 17:32:08",reports,X,reports,502,-1,2.4,X,X,X
"2013-03-11 17:32:33",reports,X,reports,123,-1,2.4,X,X,X
"2013-03-11 17:32:58",reports,X,reports,503,-1,2.4,X,X,X
"2013-03-11 17:33:06",reports,X,reports,503,0,2.4,X,X,X
"2013-03-11 17:33:13",reports,X,reports,503,0,2.4,X,X,X
"2013-03-11 17:33:17",reports,X,reports,503,0,2.4,X,X,X
"2013-03-11 17:33:38",reports,X,reports,503,0,2.4,X,X,X
"2013-03-11 17:33:48",reports,X,reports,503,0,2.4,X,X,X
"2013-03-11 17:34:23",reports,X,reports,501,-1,2.4,X,X,X
"2013-03-11 17:35:32",reports,X,reports,501,0,2.4,X,X,X
"2013-03-11 17:35:57",reports,X,reports,123,-1,2.4,X,X,X
"2013-03-13 12:43:02",reports,X,reports,53,127,2.4,X,X,X
"2013-03-13 12:43:05",search_p_dyn,op=1&qr=a,search_p_dyn,53,127,2.4,X,X,X
"2013-03-13 12:43:29",reports,X,reports,123,-1,2.4,X,X,X
"2013-03-13 12:43:33",reports,X,reports,123,0,2.4,X,X,X
"2013-03-13 12:44:23",reports,X,reports,123,0,2.4,X,X,X
"2013-03-13 15:01:43",reports,X,reports,504,-1,2.4,X,X,X
"2013-03-13 15:01:47",reports,X,reports,504,0,2.4,X,X,X
"2013-03-13 15:01:54",reports,X,reports,504,0,2.4,X,X,X
"2013-03-13 15:04:06",reports,X,reports,504,0,2.4,X,X,X
"2013-03-13 15:04:10",reports,X,reports,504,0,2.4,X,X,X
"2013-03-13 15:06:55",reports,X,reports,504,0,2.4,X,X,X
"2013-03-13 15:07:00",reports,X,reports,504,0,2.4,X,X,X
"2013-03-13 15:11:25",reports,X,reports,504,0,2.4,X,X,X
"2013-03-13 15:11:52",reports,X,reports,504,0,2.4,X,X,X
"2013-03-13 15:12:29",reports,X,reports,504,0,2.4,X,X,X
"2013-03-13 15:12:36",reports,X,reports,504,0,2.4,X,X,X
"2013-07-24 11:52:26",reports,X,reports,53,127,2.4,X,X,X
"2013-07-24 11:52:33",daily_log_specimens,from=2013-07-24&to=2013-07-24&ct=0&tt=0,reports_dailyspecimens.php?yt=2013&mt=07&dt=24&yf=2013&mf=07&df=24&l=127&c=0&t=0&ip=0,53,127,2.4,X,X,X
"2013-07-24 11:53:18",search_p_dyn,op=0&qr=q,search_p_dyn,53,127,2.4,X,X,X
"2013-07-24 11:53:27",lab_config_home,X,lab_config_home.php?id=127,53,127,2.4,X,X,X
"2013-07-24 11:53:29",view_stocks,X,view_stocks,53,127,2.4,X,X,X
"2013-07-24 11:53:31",catalog,X,catalog,53,127,2.4,X,X,X
"2013-07-24 11:53:34",reports,X,reports,53,127,2.4,X,X,X
"2013-07-24 11:53:35",backup_data_ui,X,backupDataUI.php?id=127,53,127,2.4,X,X,X
"2013-07-24 11:53:41",catalog,X,catalog,53,127,2.4,X,X,X
"2013-07-24 11:53:45",find_patient,X,find_patient,53,127,2.4,X,X,X
"2013-07-24 11:53:50",new_patient,qr=,new_patient,53,127,2.4,X,X,X
"2013-07-24 11:54:27",new_specimen,pid=18438&dnum=,new_specimen.php?pid=18438,53,127,2.4,X,X,X
"2013-07-24 11:54:45",new_patient,qr=,new_patient,53,127,2.4,X,X,X
"2013-07-24 11:55:34",find_patient,X,find_patient,53,127,2.4,X,X,X
"2013-07-24 11:55:37",new_patient,qr=,new_patient,53,127,2.4,X,X,X
"2013-07-24 11:56:11",patient_add,agep=1,patient_add,53,127,2.4,X,X,X
"2013-07-24 11:56:12",new_specimen,pid=20298&dnum=4,new_specimen.php?pid=20298&dnum=4&session_num=20130724-4,53,127,2.4,X,X,X
"2013-07-24 11:57:12",specimen_add,X,specimen_add.php?session_num=20130724-4,53,127,2.4,X,X,X
"2013-07-24 11:57:40",reports_billing_specific,,reports_billing_specific.php?bill_id=1&lab_config_id=127,53,127,2.4,X,X,X
"2013-07-24 11:59:14",specimen_info,X,specimen_info.php?sid=50180&re=1,53,127,2.4,X,X,X
"2013-07-24 11:59:39",find_patient,X,find_patient,53,127,2.4,X,X,X
"2013-07-24 11:59:57",search_p,op=1&qr=A,search_p,53,127,2.4,X,X,X
"2013-07-24 12:00:16",patient_profile,X,patient_profile.php?pid=19211,53,127,2.4,X,X,X
"2013-07-24 12:00:28",specimen_info,X,specimen_info.php?sid=47055,53,127,2.4,X,X,X
"2013-07-24 12:00:42",patient_profile,X,patient_profile.php?pid=19211,53,127,2.4,X,X,X
"2013-07-24 12:00:44",new_specimen,pid=19211&dnum=,new_specimen.php?pid=19211,53,127,2.4,X,X,X
"2013-07-24 12:00:52",lab_config_home,X,lab_config_home.php?id=127,53,127,2.4,X,X,X
"2013-07-24 12:00:53",view_stocks,X,view_stocks,53,127,2.4,X,X,X
"2013-07-24 12:00:54",catalog,X,catalog,53,127,2.4,X,X,X
"2013-07-24 12:00:56",lab_config_home,X,lab_config_home.php?id=127,53,127,2.4,X,X,X
"2013-07-24 12:00:57",view_stocks,X,view_stocks,53,127,2.4,X,X,X
"2013-07-24 12:01:55",lab_config_home,X,lab_config_home.php?id=127,53,127,2.4,X,X,X
"2013-07-24 12:01:56",view_stocks,X,view_stocks,53,127,2.4,X,X,X
"2013-07-24 12:02:14",stock_lots,X,stock_lots.php?id=1,53,127,2.4,X,X,X
"2013-07-24 12:02:31",lab_config_home,X,lab_config_home.php?id=127,53,127,2.4,X,X,X
"2013-07-24 12:02:32",view_stocks,X,view_stocks,53,127,2.4,X,X,X
"2013-07-24 12:13:51",catalog,X,catalog,53,127,2.4,X,X,X
"2013-07-24 12:13:59",test_type_edit,X,test_type_edit.php?tid=85,53,127,2.4,X,X,X
"2013-07-24 13:01:23",lab_config_home,X,lab_config_home.php?id=127,53,127,2.4,X,X,X
"2013-07-24 13:01:26",view_stocks,X,view_stocks,53,127,2.4,X,X,X
"2013-07-24 13:01:29",find_patient,X,find_patient,53,127,2.4,X,X,X
"2013-07-24 13:02:43",find_patient,X,find_patient,53,127,2.4,X,X,X
"2013-07-24 13:02:47",new_patient,qr=,new_patient,53,127,2.4,X,X,X
"2013-07-24 13:03:10",lab_config_home,X,lab_config_home.php?id=127,53,127,2.4,X,X,X
"2013-07-24 13:03:13",view_stocks,X,view_stocks,53,127,2.4,X,X,X
"2013-07-24 13:03:33",lab_config_home,X,lab_config_home.php?id=127&show_f=1,53,127,2.4,X,X,X
"2013-07-24 13:03:34",view_stocks,X,view_stocks,53,127,2.4,X,X,X
"2013-07-24 13:13:22",catalog,X,catalog,53,127,2.4,X,X,X
"2013-07-24 13:13:27",reports,X,reports,53,127,2.4,X,X,X
"2013-07-24 13:13:36",reports_disease,from=2012-10-27&to=2013-07-24&ct=0,report_disease,53,127,2.4,X,X,X
"2013-07-24 13:13:46",export_word,X,export_word,53,127,2.4,X,X,X
"2013-07-24 13:18:30",result_entry_patient_dyn,op=1&qr=A,result_entry_patient_dyn,53,127,2.4,X,X,X
"2013-07-24 13:19:52",result_entry_patient_dyn,op=1&qr=A,result_entry_patient_dyn,53,127,2.4,X,X,X
"2013-07-24 13:20:51",specimen_info,X,specimen_info.php?sid=53,53,127,2.4,X,X,X
"2013-07-24 13:21:06",reports_specimenlog,X,reports_specimenlog.php?location=127&specimen_id=53,53,127,2.4,X,X,X
"2013-07-24 13:21:41",specimen_info,X,specimen_info.php?sid=53&vd=1,53,127,2.4,X,X,X
"2013-07-24 13:21:49",reports_testhistory,from=2010-05-17&to=2010-05-17&ip=&viz=,reports_testhistory.php?location=127&patient_id=32&yf=2010&mf=05&df=17&yt=2010&mt=05&dt=17,53,127,2.4,X,X,X
"2013-07-24 13:22:14",export_word,X,export_word,53,127,2.4,X,X,X
"2013-07-24 13:22:46",find_patient,X,find_patient,53,127,2.4,X,X,X
"2013-07-24 13:22:51",reports,X,reports,53,127,2.4,X,X,X
"2013-07-24 13:22:52",view_stock,X,view_stock,53,127,2.4,X,X,X
"2013-07-24 13:22:55",find_patient,X,find_patient,53,127,2.4,X,X,X
"2013-07-24 13:22:59",lab_config_home,X,lab_config_home.php?id=127,53,127,2.4,X,X,X
"2013-07-24 13:23:00",view_stocks,X,view_stocks,53,127,2.4,X,X,X
"2013-07-24 13:23:11",catalog,X,catalog,53,127,2.4,X,X,X
"2013-07-24 13:23:14",reports,X,reports,53,127,2.4,X,X,X
"2013-07-24 13:23:17",backup_data_ui,X,backupDataUI.php?id=127,53,127,2.4,X,X,X
"2013-07-24 13:23:50",catalog,X,catalog,53,127,2.4,X,X,X
"2013-07-24 13:23:52",lab_config_home,X,lab_config_home.php?id=127,53,127,2.4,X,X,X
"2013-07-24 13:23:53",view_stocks,X,view_stocks,53,127,2.4,X,X,X
"2013-07-24 13:24:26",export_config,X,export_config?id=127,53,127,2.4,X,X,X
"2013-07-24 13:29:42",reports,X,reports,53,127,2.4,X,X,X
"2013-07-24 13:29:50",search_p_dyn,op=1&qr=B,search_p_dyn,53,127,2.4,X,X,X
"2013-07-24 13:29:55",reports_testhistory,from=2013-07-24&to=2013-07-24&ip=0&viz=,reports_testhistory.php?patient_id=14440&location=127&yf=2013&mf=07&df=24&yt=2013&mt=07&dt=24&ip=0,53,127,2.4,X,X,X
"2013-07-24 13:30:09",reports_testhistory,"from=2013-07-24&to=2013-07-24&ip=0&viz=[object HTMLInputElement]",reports_testhistory.php?location=127&patient_id=14440&yf=2013&mf=07&df=24&yt=2013&mt=07&dt=24&ip=0&viz=[object%20HTMLInputElement],53,127,2.4,X,X,X
"2013-07-24 13:31:14",daily_log_specimens,from=2013-07-24&to=2013-07-24&ct=0&tt=0,reports_dailyspecimens.php?yt=2013&mt=07&dt=24&yf=2013&mf=07&df=24&l=127&c=0&t=0&ip=0,53,127,2.4,X,X,X
"2013-07-24 13:32:17",daily_log_specimens,from=2013-07-24&to=2013-07-24&ct=0&tt=97,reports_dailyspecimens.php?yt=2013&mt=07&dt=24&yf=2013&mf=07&df=24&l=127&c=0&t=97&ip=0,53,127,2.4,X,X,X
"2013-07-24 15:07:48",lab_config_home,X,lab_config_home.php?id=127,53,127,2.4,X,X,X
"2013-07-24 15:07:51",view_stocks,X,view_stocks,53,127,2.4,X,X,X
"2013-07-24 15:08:21",lab_config_home,X,lab_config_home.php?id=127,53,127,2.4,X,X,X
"2013-07-24 15:08:22",view_stocks,X,view_stocks,53,127,2.4,X,X,X
"2013-07-24 15:09:05",lab_config_home,X,lab_config_home.php?id=127&billingupdate=1,53,127,2.4,X,X,X
"2013-07-24 15:09:07",view_stocks,X,view_stocks,53,127,2.4,X,X,X
"2013-07-24 15:09:13",lab_config_home,X,lab_config_home.php?id=127&billingupdate=1,53,127,2.4,X,X,X
"2013-07-24 15:09:14",view_stocks,X,view_stocks,53,127,2.4,X,X,X
"2013-07-24 17:02:29",find_patient,X,find_patient,53,127,2.4,X,X,X
"2013-08-08 13:59:28",lab_config_home,X,lab_config_home.php?id=127,53,127,2.4,X,X,X
"2013-08-08 13:59:28",view_stocks,X,view_stocks,53,127,2.4,X,X,X
"2013-08-08 13:59:29",catalog,X,catalog,53,127,2.4,X,X,X
"2013-08-08 13:59:35",catalog,X,catalog,53,127,2.4,X,X,X
"2013-08-08 14:00:12",test_type_new,X,test_type_new,53,127,2.4,X,X,X
"2013-08-08 14:00:28",catalog,X,catalog,53,127,2.4,X,X,X
"2013-08-08 14:01:14",catalog,X,catalog,53,127,2.4,X,X,X
"2013-08-08 14:01:26",test_type_new,X,test_type_new,53,127,2.4,X,X,X
"2013-08-08 14:03:36",catalog,X,catalog.php?show_t=1,53,127,2.4,X,X,X
"2013-08-08 14:03:51",reports,X,reports,53,127,2.4,X,X,X
"2013-08-08 14:03:53",backup_data_ui,X,backupDataUI.php?id=127,53,127,2.4,X,X,X
"2013-08-08 14:03:56",lab_config_home,X,lab_config_home.php?id=127,53,127,2.4,X,X,X
"2013-08-08 14:03:56",view_stocks,X,view_stocks,53,127,2.4,X,X,X
"2013-08-08 14:04:14",find_patient,X,find_patient,53,127,2.4,X,X,X
"2013-08-08 14:04:18",find_patient,X,find_patient,53,127,2.4,X,X,X
"2013-08-08 14:04:21",new_patient,qr=,new_patient,53,127,2.4,X,X,X
"2013-08-08 14:04:28",find_patient,X,find_patient,53,127,2.4,X,X,X
"2013-08-08 14:05:38",new_patient,qr=,new_patient,53,127,2.4,X,X,X
"2013-08-08 14:06:16",search,X,search,53,127,2.4,X,X,X
"2013-08-08 14:06:22",find_patient,X,find_patient,53,127,2.4,X,X,X
"2013-08-08 14:12:53",find_patient,X,find_patient,53,127,2.4,X,X,X
"2013-08-08 14:12:58",find_patient,X,find_patient,53,127,2.4,X,X,X
"2013-08-08 14:16:34",find_patient,X,find_patient,53,127,2.4,X,X,X
"2013-08-08 14:16:50",search_p,op=0&qr=dd,search_p,53,127,2.4,X,X,X
"2013-08-08 14:17:45",find_patient,X,find_patient,53,127,2.4,X,X,X
"2013-08-08 14:17:58",find_patient,X,find_patient,53,127,2.4,X,X,X
"2013-08-08 14:18:01",new_patient,qr=,new_patient,53,127,2.4,X,X,X
"2013-08-08 14:18:18",find_patient,X,find_patient,53,127,2.4,X,X,X
"2013-08-08 14:18:20",new_patient,qr=,new_patient,53,127,2.4,X,X,X
"2013-08-08 14:45:03",find_patient,X,find_patient,53,127,2.4,X,X,X
"2013-08-08 14:45:12",find_patient,X,find_patient,53,127,2.4,X,X,X
"2013-08-08 15:00:45",find_patient,X,find_patient,53,127,2.4,X,X,X
"2013-08-08 15:18:15",search,X,search,53,127,2.4,X,X,X
"2013-08-08 15:18:16",reports,X,reports,53,127,2.4,X,X,X
"2013-08-08 15:18:18",find_patient,X,find_patient,53,127,2.4,X,X,X
"2013-08-08 15:18:39",find_patient,X,find_patient,53,127,2.4,X,X,X
"2013-08-08 15:18:45",search_p,op=1&qr=y,search_p,53,127,2.4,X,X,X
"2013-08-08 15:18:48",patient_profile,X,patient_profile.php?pid=421,53,127,2.4,X,X,X
"2013-08-08 15:38:37",find_patient,X,find_patient,53,127,2.4,X,X,X
"2013-08-08 15:38:39",search_p,op=1&qr=y,search_p,53,127,2.4,X,X,X
"2013-08-08 15:39:18",new_patient,qr=y,new_patient.php?n=y,53,127,2.4,X,X,X
"2013-08-08 15:39:26",find_patient,X,find_patient,53,127,2.4,X,X,X
"2013-08-08 15:39:29",search,X,search,53,127,2.4,X,X,X
"2013-08-08 15:39:36",lab_config_home,X,lab_config_home.php?id=127,53,127,2.4,X,X,X
"2013-08-08 15:39:37",view_stocks,X,view_stocks,53,127,2.4,X,X,X
"2013-08-08 15:40:26",search,X,search,53,127,2.4,X,X,X
"2013-08-08 15:51:45",search,X,search,53,127,2.4,X,X,X
"2013-08-08 15:51:55",search,X,search,53,127,2.4,X,X,X
"2013-08-08 15:52:00",search_p_dyn,op=1&qr=y,search_p_dyn,53,127,2.4,X,X,X
"2013-08-08 15:57:14",find_patient,X,find_patient,53,127,2.4,X,X,X
"2013-08-08 15:57:17",search,X,search,53,127,2.4,X,X,X
"2013-08-08 16:18:49",find_patient,X,find_patient,53,127,2.4,X,X,X
"2013-08-12 12:33:19",lab_config_home,X,lab_config_home.php?id=127,53,127,2.4,X,X,X
"2013-08-12 12:33:22",view_stocks,X,view_stocks,53,127,2.4,X,X,X
"2013-08-12 12:33:29",catalog,X,catalog,53,127,2.4,X,X,X
"2013-08-12 12:34:20",lab_config_home,X,lab_config_home.php?id=127,53,127,2.4,X,X,X
"2013-08-12 12:34:21",view_stocks,X,view_stocks,53,127,2.4,X,X,X
"2013-08-12 12:34:23",find_patient,X,find_patient,53,127,2.4,X,X,X
"2013-08-12 12:34:26",new_patient,qr=,new_patient,53,127,2.4,X,X,X
"2013-08-12 12:34:54",search,X,search,53,127,2.4,X,X,X
"2013-08-12 12:34:59",reports,X,reports,53,127,2.4,X,X,X
"2013-08-12 12:35:09",search_p_dyn,op=1&qr=s,search_p_dyn,53,127,2.4,X,X,X
"2013-08-12 12:35:12",reports_testhistory,from=2013-08-12&to=2013-08-12&ip=0&viz=,reports_testhistory.php?patient_id=12981&location=127&yf=2013&mf=08&df=12&yt=2013&mt=08&dt=12&ip=0,53,127,2.4,X,X,X
"2013-08-12 12:35:22",view_stock,X,view_stock,53,127,2.4,X,X,X
"2013-08-12 12:35:27",find_patient,X,find_patient,53,127,2.4,X,X,X
"2013-08-12 12:35:42",find_patient,X,find_patient,53,127,2.4,X,X,X
"2013-08-12 12:38:16",search_p,op=3&qr=s,search_p,53,127,2.4,X,X,X
"2013-08-12 12:38:25",search_p,op=0&qr=1,search_p,53,127,2.4,X,X,X
"2013-08-12 12:38:35",patient_profile,X,patient_profile.php?pid=20277,53,127,2.4,X,X,X
"2013-08-12 12:38:38",find_patient,X,find_patient,53,127,2.4,X,X,X
"2013-08-12 12:38:41",search_p,op=0&qr=1,search_p,53,127,2.4,X,X,X
"2013-08-12 12:39:06",search_p,op=0&qr=2,search_p,53,127,2.4,X,X,X
"2013-08-12 12:39:10",search_p,op=0&qr=3,search_p,53,127,2.4,X,X,X
"2013-08-12 12:39:12",search_p,op=0&qr=4,search_p,53,127,2.4,X,X,X
"2013-08-12 12:39:14",search_p,op=0&qr=5,search_p,53,127,2.4,X,X,X
"2013-08-12 12:40:24",search_p,op=0&qr=1,search_p,53,127,2.4,X,X,X
"2013-08-12 12:42:30",patient_profile,X,patient_profile.php?pid=20277,53,127,2.4,X,X,X
"2013-08-12 12:43:24",find_patient,X,find_patient,53,127,2.4,X,X,X
"2013-08-12 12:44:21",search_p,op=0&qr=s,search_p,53,127,2.4,X,X,X
"2013-08-12 12:44:29",search_p,op=1&qr=f,search_p,53,127,2.4,X,X,X
"2013-08-12 12:46:57",find_patient,X,find_patient,53,127,2.4,X,X,X
"2013-08-12 12:46:59",search,X,search,53,127,2.4,X,X,X
"2013-08-12 12:47:46",search_p_dyn,"op=1&qr=dsf dsfsdf",search_p_dyn,53,127,2.4,X,X,X
"2013-08-12 12:48:03",search_p_dyn,op=0&qr=3232323,search_p_dyn,53,127,2.4,X,X,X
"2013-08-12 12:48:54",search_p_dyn,op=0&qr=1,search_p_dyn,53,127,2.4,X,X,X
"2013-08-12 12:50:09",search_p_dyn,op=0&qr=1,search_p_dyn,53,127,2.4,X,X,X
"2013-08-12 12:50:58",search_p_dyn,op=0&qr=2,search_p_dyn,53,127,2.4,X,X,X
"2013-08-12 12:52:22",search_p_dyn,op=0&qr=ga,search_p_dyn,53,127,2.4,X,X,X
"2013-08-12 12:52:26",search_p_dyn,op=0&qr=Ga,search_p_dyn,53,127,2.4,X,X,X
"2013-08-12 12:52:34",search_p_dyn,op=1&qr=Ga,search_p_dyn,53,127,2.4,X,X,X
"2013-08-12 12:52:39",search_p_dyn,op=1&qr=Gary,search_p_dyn,53,127,2.4,X,X,X
"2013-08-12 12:52:47",search_p_dyn,"op=1&qr=Gary Adams",search_p_dyn,53,127,2.4,X,X,X
"2013-08-12 12:57:04",find_patient,X,find_patient,53,127,2.4,X,X,X
"2013-08-12 12:57:38",new_patient,qr=,new_patient,53,127,2.4,X,X,X
"2013-08-12 12:58:11",search,X,search,53,127,2.4,X,X,X
"2013-08-12 12:58:12",find_patient,X,find_patient,53,127,2.4,X,X,X
"2013-08-12 12:58:15",new_patient,qr=,new_patient,53,127,2.4,X,X,X
"2013-08-12 12:58:18",search,X,search,53,127,2.4,X,X,X
"2013-08-12 12:58:20",search_p_dyn,op=1&qr=s,search_p_dyn,53,127,2.4,X,X,X
"2013-08-12 12:58:22",patient_profile,X,patient_profile.php?pid=12981,53,127,2.4,X,X,X
"2013-08-12 13:02:36",find_patient,X,find_patient,53,127,2.4,X,X,X
"2013-08-12 13:02:44",search_p,op=1&qr=brian,search_p,53,127,2.4,X,X,X
"2013-08-12 13:23:23",new_specimen,pid=10174&dnum=,new_specimen.php?pid=10174,53,127,2.4,X,X,X
"2013-08-12 13:25:05",find_patient,X,find_patient,53,127,2.4,X,X,X
"2013-08-12 13:25:11",new_specimen,pid=10174&dnum=,new_specimen.php?pid=10174,53,127,2.4,X,X,X
"2013-08-12 13:25:17",specimenbox_add,X,specimenbox_add.php?num=2&pid=10174&dnum=5&doc=&title=Dr.&session_num=20130812-5,53,127,2.4,X,X,X
"2013-08-12 13:25:24",specimenbox_add,X,specimenbox_add.php?num=3&pid=10174&dnum=5&doc=&title=Dr.&session_num=20130812-5,53,127,2.4,X,X,X
"2013-08-12 13:35:34",find_patient,X,find_patient,53,127,2.4,X,X,X
"2013-08-12 13:35:38",search_p,op=1&qr=bria,search_p,53,127,2.4,X,X,X
"2013-08-12 13:35:40",new_specimen,pid=10174&dnum=,new_specimen.php?pid=10174,53,127,2.4,X,X,X
"2013-08-12 13:35:44",find_patient,X,find_patient,53,127,2.4,X,X,X
"2013-08-12 13:35:46",search_p,op=1&qr=bria,search_p,53,127,2.4,X,X,X
"2013-08-12 13:35:48",new_specimen,pid=894&dnum=,new_specimen.php?pid=894,53,127,2.4,X,X,X
"2013-08-12 13:35:57",find_patient,X,find_patient,53,127,2.4,X,X,X
"2013-08-12 13:35:59",new_patient,qr=,new_patient,53,127,2.4,X,X,X
"2013-08-12 13:36:01",find_patient,X,find_patient,53,127,2.4,X,X,X
"2013-08-12 13:36:02",search_p,op=1&qr=bria,search_p,53,127,2.4,X,X,X
"2013-08-12 13:36:03",search_p,op=1&qr=bria,search_p,53,127,2.4,X,X,X
"2013-08-12 13:36:05",new_specimen,pid=5919&dnum=,new_specimen.php?pid=5919,53,127,2.4,X,X,X
"2013-08-12 13:36:09",find_patient,X,find_patient,53,127,2.4,X,X,X
"2013-08-12 13:36:10",search_p,op=1&qr=bria,search_p,53,127,2.4,X,X,X
"2013-08-12 13:36:12",new_specimen,pid=12245&dnum=,new_specimen.php?pid=12245,53,127,2.4,X,X,X
"2013-08-12 13:38:07",find_patient,X,find_patient,53,127,2.4,X,X,X
"2013-08-12 13:38:09",search_p,op=1&qr=bria,search_p,53,127,2.4,X,X,X
"2013-08-12 13:38:12",new_specimen,pid=4316&dnum=,new_specimen.php?pid=4316,53,127,2.4,X,X,X
"2013-08-12 14:44:53",search,X,search,53,127,2.4,X,X,X
"2013-08-12 14:44:56",search_p_dyn,op=1&qr=s,search_p_dyn,53,127,2.4,X,X,X
"2013-08-12 14:44:58",patient_profile,X,patient_profile.php?pid=12981,53,127,2.4,X,X,X
"2013-08-12 15:09:33",search,X,search,53,127,2.4,X,X,X
"2013-08-12 15:17:49",find_patient,X,find_patient,53,127,2.4,X,X,X
"2013-08-12 15:17:50",search,X,search,53,127,2.4,X,X,X
"2013-08-12 15:17:51",reports,X,reports,53,127,2.4,X,X,X
"2013-08-12 15:17:53",search,X,search,53,127,2.4,X,X,X
"2013-08-12 15:17:55",search_p_dyn,op=1&qr=s,search_p_dyn,53,127,2.4,X,X,X
"2013-08-12 15:17:57",patient_profile,X,patient_profile.php?pid=12981,53,127,2.4,X,X,X
"2013-08-12 15:17:59",new_specimen,pid=12981&dnum=,new_specimen.php?pid=12981,53,127,2.4,X,X,X
"2013-08-12 15:45:26",specimen_add,X,specimen_add.php?session_num=20130812-12,53,127,2.4,X,X,X
"2013-08-12 15:48:23",new_specimen,pid=12981&dnum=,new_specimen.php?pid=12981,53,127,2.4,X,X,X
"2013-08-12 15:57:30",search,X,search,53,127,2.4,X,X,X
"2013-08-12 15:57:34",search_p_dyn,op=1&qr=h,search_p_dyn,53,127,2.4,X,X,X
"2013-08-12 15:58:26",patient_profile,X,patient_profile.php?pid=10310,53,127,2.4,X,X,X
"2013-08-12 15:58:30",new_specimen,pid=10310&dnum=,new_specimen.php?pid=10310,53,127,2.4,X,X,X
"2013-08-12 15:59:48",specimenbox_add,X,specimenbox_add.php?num=2&pid=10310&dnum=14&doc=&title=Dr.&session_num=20130812-14,53,127,2.4,X,X,X
"2013-08-12 16:00:07",specimen_add,X,specimen_add.php?session_num=20130812-14,53,127,2.4,X,X,X
"2013-08-12 16:00:07",specimen_add,X,specimen_add.php?session_num=20130812-14,53,127,2.4,X,X,X
"2013-08-12 16:01:10",find_patient,X,find_patient,53,127,2.4,X,X,X
"2013-08-12 16:03:53",search,X,search,53,127,2.4,X,X,X
"2013-08-12 16:03:55",search_p_dyn,op=1&qr=Hai,search_p_dyn,53,127,2.4,X,X,X
"2013-08-12 16:03:58",patient_profile,X,patient_profile.php?pid=10310,53,127,2.4,X,X,X
"2013-08-12 16:08:50",find_patient,X,find_patient,53,127,2.4,X,X,X
"2013-08-12 16:08:55",catalog,X,catalog,53,127,2.4,X,X,X
"2013-08-12 16:08:56",lab_config_home,X,lab_config_home.php?id=127,53,127,2.4,X,X,X
"2013-08-12 16:08:57",view_stocks,X,view_stocks,53,127,2.4,X,X,X
"2013-08-12 16:09:19",lab_config_home,X,lab_config_home.php?id=127&billingupdate=1,53,127,2.4,X,X,X
"2013-08-12 16:09:20",view_stocks,X,view_stocks,53,127,2.4,X,X,X
"2013-08-12 16:09:49",lab_config_home,X,lab_config_home.php?id=127,53,127,2.4,X,X,X
"2013-08-12 16:09:50",view_stocks,X,view_stocks,53,127,2.4,X,X,X
"2013-08-12 16:09:59",catalog,X,catalog,53,127,2.4,X,X,X
"2013-08-12 16:10:03",test_type_edit,X,test_type_edit.php?tid=85,53,127,2.4,X,X,X
"2013-08-12 16:20:39",lab_config_home,X,lab_config_home.php?id=127,53,127,2.4,X,X,X
"2013-08-12 16:20:40",view_stocks,X,view_stocks,53,127,2.4,X,X,X
"2013-08-12 16:21:05",lab_config_home,X,lab_config_home.php?id=127,53,127,2.4,X,X,X
"2013-08-12 16:21:06",view_stocks,X,view_stocks,53,127,2.4,X,X,X
"2013-08-12 16:22:00",catalog,X,catalog,53,127,2.4,X,X,X
"2013-08-12 16:26:29",find_patient,X,find_patient,53,127,2.4,X,X,X
"2013-08-12 16:26:38",result_entry_patient_dyn,op=1&qr=s,result_entry_patient_dyn,53,127,2.4,X,X,X
"2013-08-12 16:26:39",result_entry_patient_dyn,op=1&qr=s,result_entry_patient_dyn,53,127,2.4,X,X,X
"2013-08-12 16:32:50",search,X,search,53,127,2.4,X,X,X
"2013-08-12 16:32:53",reports,X,reports,53,127,2.4,X,X,X
"2013-08-12 16:32:55",view_stock,X,view_stock,53,127,2.4,X,X,X
"2013-08-12 16:33:14",find_patient,X,find_patient,53,127,2.4,X,X,X
"2013-08-12 16:33:28",find_patient,X,find_patient,53,127,2.4,X,X,X
"2013-08-12 16:38:18",result_entry_patient_dyn,op=1&qr=g,result_entry_patient_dyn,53,127,2.4,X,X,X
"2013-08-12 17:29:54",search,X,search,53,127,2.4,X,X,X
"2013-08-12 17:29:55",find_patient,X,find_patient,53,127,2.4,X,X,X
"2013-08-12 17:29:58",catalog,X,catalog,53,127,2.4,X,X,X
"2013-08-12 17:32:07",catalog,X,catalog,53,127,2.4,X,X,X
"2013-08-12 17:33:07",catalog,X,catalog,53,127,2.4,X,X,X
"2013-08-12 17:33:11",catalog,X,catalog,53,127,2.4,X,X,X
"2013-08-12 17:33:53",catalog,X,catalog,53,127,2.4,X,X,X
"2013-08-12 17:34:27",catalog,X,catalog,53,127,2.4,X,X,X
"2013-08-12 17:34:31",catalog,X,catalog,53,127,2.4,X,X,X
"2013-08-12 17:34:45",catalog,X,catalog,53,127,2.4,X,X,X
"2013-08-12 17:34:50",catalog,X,catalog,53,127,2.4,X,X,X
"2013-08-12 17:35:01",catalog,X,catalog,53,127,2.4,X,X,X
"2013-08-12 17:35:12",catalog,X,catalog,53,127,2.4,X,X,X
"2013-08-12 17:35:13",catalog,X,catalog,53,127,2.4,X,X,X
"2013-08-12 17:35:15",catalog,X,catalog,53,127,2.4,X,X,X
"2013-08-12 17:35:32",catalog,X,catalog,53,127,2.4,X,X,X
"2013-08-13 12:59:02",lab_config_home,X,lab_config_home.php?id=127,53,127,2.4,X,X,X
"2013-08-13 12:59:04",view_stocks,X,view_stocks,53,127,2.4,X,X,X
"2013-08-13 12:59:07",catalog,X,catalog,53,127,2.4,X,X,X
"2013-08-13 12:59:38",lab_config_home,X,lab_config_home.php?id=127,53,127,2.4,X,X,X
"2013-08-13 12:59:39",view_stocks,X,view_stocks,53,127,2.4,X,X,X
"2013-08-13 12:59:43",catalog,X,catalog,53,127,2.4,X,X,X
"2013-08-13 12:59:45",reports,X,reports,53,127,2.4,X,X,X
"2013-08-13 13:02:04",search,X,search,53,127,2.4,X,X,X
"2013-08-13 13:02:11",result_entry_patient_dyn,op=1&qr=s,result_entry_patient_dyn,53,127,2.4,X,X,X
"2013-08-13 13:02:48",find_patient,X,find_patient,53,127,2.4,X,X,X
"2013-08-13 13:02:55",search,X,search,53,127,2.4,X,X,X
"2013-08-13 13:02:57",find_patient,X,find_patient,53,127,2.4,X,X,X
"2013-08-13 13:03:10",find_patient,X,find_patient,53,127,2.4,X,X,X
"2013-08-13 13:03:12",search_p,op=1&qr=e,search_p,53,127,2.4,X,X,X
"2013-08-13 13:03:15",new_specimen,pid=11854&dnum=,new_specimen.php?pid=11854,53,127,2.4,X,X,X
"2013-08-13 13:04:14",specimen_add,X,specimen_add.php?session_num=20130813-1,53,127,2.4,X,X,X
"2013-08-13 13:37:56",lab_config_home,X,lab_config_home.php?id=127,53,127,2.4,X,X,X
"2013-08-13 13:37:57",view_stocks,X,view_stocks,53,127,2.4,X,X,X
"2013-08-13 13:38:04",catalog,X,catalog,53,127,2.4,X,X,X
"2013-08-13 13:38:05",reports,X,reports,53,127,2.4,X,X,X
"2013-08-13 13:38:07",backup_data_ui,X,backupDataUI.php?id=127,53,127,2.4,X,X,X
"2013-08-13 13:38:34",lab_config_home,X,lab_config_home.php?id=127,53,127,2.4,X,X,X
"2013-08-13 13:38:35",view_stocks,X,view_stocks,53,127,2.4,X,X,X
"2013-08-13 13:38:36",catalog,X,catalog,53,127,2.4,X,X,X
"2013-08-13 13:38:37",reports,X,reports,53,127,2.4,X,X,X
"2013-08-13 13:38:38",backup_data_ui,X,backupDataUI.php?id=127,53,127,2.4,X,X,X
"2013-08-13 13:40:29",lab_config_home,X,lab_config_home.php?id=127,53,127,2.4,X,X,X
"2013-08-13 13:40:30",view_stocks,X,view_stocks,53,127,2.4,X,X,X
"2013-08-13 13:40:31",catalog,X,catalog,53,127,2.4,X,X,X
"2013-08-13 13:44:48",catalog,X,catalog,53,127,2.4,X,X,X
"2013-08-13 13:44:50",lab_config_home,X,lab_config_home.php?id=127,53,127,2.4,X,X,X
"2013-08-13 13:44:52",view_stocks,X,view_stocks,53,127,2.4,X,X,X
"2013-08-13 13:44:56",lab_config_home,X,lab_config_home.php?id=127,53,127,2.4,X,X,X
"2013-08-13 13:44:57",catalog,X,catalog,53,127,2.4,X,X,X
"2013-08-13 13:45:10",lab_config_home,X,lab_config_home.php?id=127,53,127,2.4,X,X,X
"2013-08-13 13:45:11",view_stocks,X,view_stocks,53,127,2.4,X,X,X
"2013-08-13 13:45:11",catalog,X,catalog,53,127,2.4,X,X,X
"2013-08-13 13:45:15",lab_config_home,X,lab_config_home.php?id=127,53,127,2.4,X,X,X
"2013-08-13 13:45:16",view_stocks,X,view_stocks,53,127,2.4,X,X,X
"2013-08-13 13:45:17",catalog,X,catalog,53,127,2.4,X,X,X
"2013-08-13 13:45:18",reports,X,reports,53,127,2.4,X,X,X
"2013-08-13 13:45:19",catalog,X,catalog,53,127,2.4,X,X,X
"2013-08-13 13:45:29",result_entry_patient_dyn,op=1&qr=m,result_entry_patient_dyn,53,127,2.4,X,X,X
"2013-08-13 13:45:34",find_patient,X,find_patient,53,127,2.4,X,X,X
"2013-08-13 13:45:38",search_p,op=1&qr=s,search_p,53,127,2.4,X,X,X
"2013-08-13 13:45:41",new_specimen,pid=12981&dnum=,new_specimen.php?pid=12981,53,127,2.4,X,X,X
"2013-08-13 13:45:53",specimen_add,X,specimen_add.php?session_num=20130813-2,53,127,2.4,X,X,X
"2013-08-13 14:34:07",specimen_info,X,specimen_info.php?sid=50185&re=1,53,127,2.4,X,X,X
"2013-08-13 14:36:19",find_patient,X,find_patient,53,127,2.4,X,X,X
"2013-08-13 14:36:25",result_entry_patient_dyn,op=1&qr=t,result_entry_patient_dyn,53,127,2.4,X,X,X
"2013-08-13 14:36:40",find_patient,X,find_patient,53,127,2.4,X,X,X
"2013-08-13 14:36:44",search_p,op=1&qr=s,search_p,53,127,2.4,X,X,X
"2013-08-13 14:36:46",new_specimen,pid=12981&dnum=,new_specimen.php?pid=12981,53,127,2.4,X,X,X
"2013-08-13 14:37:13",specimen_add,X,specimen_add.php?session_num=20130813-3,53,127,2.4,X,X,X
"2013-08-13 16:20:49",specimen_info,X,specimen_info.php?sid=50186&re=1,53,127,2.4,X,X,X
"2013-08-13 17:01:27",find_patient,X,find_patient,53,127,2.4,X,X,X
"2013-08-13 17:03:34",result_entry_patient_dyn,op=1&qr=s,result_entry_patient_dyn,53,127,2.4,X,X,X
"2013-08-13 17:22:13",result_entry_patient_dyn,op=1&qr=s,result_entry_patient_dyn,53,127,2.4,X,X,X
"2013-08-13 17:29:04",find_patient,X,find_patient,53,127,2.4,X,X,X
"2013-08-13 17:29:09",result_entry_patient_dyn,op=1&qr=s,result_entry_patient_dyn,53,127,2.4,X,X,X
"2013-08-13 17:30:53",result_entry_patient_dyn,op=1&qr=u,result_entry_patient_dyn,53,127,2.4,X,X,X
"2013-08-13 17:32:15",result_entry_patient_dyn,op=1&qr=d,result_entry_patient_dyn,53,127,2.4,X,X,X
"2013-08-13 17:55:46",result_entry_patient_dyn,op=1&qr=s,result_entry_patient_dyn,53,127,2.4,X,X,X
"2013-08-13 17:56:07",search_p,op=1&qr=d,search_p,53,127,2.4,X,X,X
"2013-08-13 17:56:09",new_specimen,pid=13094&dnum=,new_specimen.php?pid=13094,53,127,2.4,X,X,X
"2013-08-13 17:56:30",specimen_add,X,specimen_add.php?session_num=20130813-4,53,127,2.4,X,X,X
"2013-08-13 17:58:25",result_entry_patient_dyn,op=1&qr=y,result_entry_patient_dyn,53,127,2.4,X,X,X
"2013-08-13 18:05:18",result_entry_patient_dyn,op=1&qr=f,result_entry_patient_dyn,53,127,2.4,X,X,X
"2013-08-13 18:09:23",result_entry_patient_dyn,op=1&qr=sz,result_entry_patient_dyn,53,127,2.4,X,X,X
"2013-08-13 18:09:25",result_entry_patient_dyn,op=1&qr=t,result_entry_patient_dyn,53,127,2.4,X,X,X
"2013-08-13 18:20:27",result_entry_patient_dyn,op=1&qr=f,result_entry_patient_dyn,53,127,2.4,X,X,X
"2013-08-14 11:20:29",lab_config_home,X,lab_config_home.php?id=127,53,127,2.4,X,X,X
"2013-08-14 11:20:31",view_stocks,X,view_stocks,53,127,2.4,X,X,X
"2013-08-14 11:20:32",catalog,X,catalog,53,127,2.4,X,X,X
"2013-08-14 11:20:39",test_type_edit,X,test_type_edit.php?tid=85,53,127,2.4,X,X,X
"2013-08-14 11:20:45",lab_config_home,X,lab_config_home.php?id=127,53,127,2.4,X,X,X
"2013-08-14 11:20:46",view_stocks,X,view_stocks,53,127,2.4,X,X,X
"2013-08-14 11:22:53",lab_config_home,X,lab_config_home.php?id=127,53,127,2.4,X,X,X
"2013-08-14 11:22:53",view_stocks,X,view_stocks,53,127,2.4,X,X,X
"2013-08-14 11:22:56",catalog,X,catalog,53,127,2.4,X,X,X
"2013-08-14 11:22:59",find_patient,X,find_patient,53,127,2.4,X,X,X
"2013-08-14 11:23:12",result_entry_patient_dyn,op=1&qr=s,result_entry_patient_dyn,53,127,2.4,X,X,X
"2013-08-14 11:28:35",result_entry_patient_dyn,op=1&qr=s,result_entry_patient_dyn,53,127,2.4,X,X,X
"2013-08-14 11:34:17",result_entry_patient_dyn,op=1&qr=s,result_entry_patient_dyn,53,127,2.4,X,X,X
"2013-08-14 11:34:52",result_entry_patient_dyn,op=1&qr=d,result_entry_patient_dyn,53,127,2.4,X,X,X
"2013-08-14 11:35:54",result_entry_patient_dyn,op=1&qr=d,result_entry_patient_dyn,53,127,2.4,X,X,X
"2013-08-14 11:43:55",result_entry_patient_dyn,op=1&qr=u,result_entry_patient_dyn,53,127,2.4,X,X,X
"2013-08-14 11:46:46",result_entry_patient_dyn,op=1&qr=y,result_entry_patient_dyn,53,127,2.4,X,X,X
"2013-08-14 11:55:55",search,X,search,53,127,2.4,X,X,X
"2013-08-14 11:55:56",reports,X,reports,53,127,2.4,X,X,X
"2013-08-14 11:56:02",view_stock,X,view_stock,53,127,2.4,X,X,X
"2013-08-14 11:56:05",backup_data_ui,X,backupDataUI.php?id=127,53,127,2.4,X,X,X
"2013-08-14 11:56:12",lab_config_home,X,lab_config_home.php?id=127,53,127,2.4,X,X,X
"2013-08-14 11:56:13",view_stocks,X,view_stocks,53,127,2.4,X,X,X
"2013-08-14 12:01:33",result_entry_patient_dyn,op=1&qr=r,result_entry_patient_dyn,53,127,2.4,X,X,X
"2013-08-14 12:17:23",specimen_info,X,specimen_info.php?sid=48,53,127,2.4,X,X,X
"2013-08-14 12:17:32",specimen_info,X,specimen_info.php?sid=48&re=1,53,127,2.4,X,X,X
"2013-08-14 12:17:42",specimen_info,X,specimen_info.php?sid=48,53,127,2.4,X,X,X
"2013-08-14 12:20:03",result_entry_patient_dyn,op=1&qr=s,result_entry_patient_dyn,53,127,2.4,X,X,X
"2013-08-14 12:20:05",find_patient,X,find_patient,53,127,2.4,X,X,X
"2013-08-14 12:20:16",result_entry_patient_dyn,op=1&qr=t,result_entry_patient_dyn,53,127,2.4,X,X,X
"2013-08-14 12:34:51",specimen_info,X,specimen_info.php?sid=53,53,127,2.4,X,X,X
"2013-08-14 12:36:03",patient_profile,X,patient_profile.php?pid=32,53,127,2.4,X,X,X
"2013-08-14 12:40:57",reports_specimenlog,X,reports_specimenlog.php?location=127&specimen_id=53,53,127,2.4,X,X,X
"2013-08-14 12:41:51",result_entry_patient_dyn,op=1&qr=s,result_entry_patient_dyn,53,127,2.4,X,X,X
"2013-08-14 15:16:37",find_patient,X,find_patient,53,127,2.4,X,X,X
"2013-08-14 15:16:42",find_patient,X,find_patient,53,127,2.4,X,X,X
"2013-08-14 15:16:44",search_p,op=1&qr=x,search_p,53,127,2.4,X,X,X
"2013-08-14 15:16:46",new_specimen,pid=7002&dnum=,new_specimen.php?pid=7002,53,127,2.4,X,X,X
"2013-08-14 15:22:03",result_entry_patient_dyn,op=1&qr=ss,result_entry_patient_dyn,53,127,2.4,X,X,X
"2013-08-14 15:22:19",find_patient,X,find_patient,53,127,2.4,X,X,X
"2013-08-14 15:22:24",search_p,op=1&qr=d,search_p,53,127,2.4,X,X,X
"2013-08-14 15:22:27",patient_profile,X,patient_profile.php?pid=3213,53,127,2.4,X,X,X
"2013-08-14 15:22:32",specimen_info,X,specimen_info.php?sid=5790,53,127,2.4,X,X,X
"2013-08-14 15:22:48",specimen_info,X,specimen_info.php?sid=9358,53,127,2.4,X,X,X
"2013-08-14 15:45:46",result_entry_patient_dyn,op=1&qr=s,result_entry_patient_dyn,53,127,2.4,X,X,X
"2013-08-14 16:59:47",result_entry_patient_dyn,op=1&qr=d,result_entry_patient_dyn,53,127,2.4,X,X,X
"2013-08-14 17:08:51",result_entry_patient_dyn,op=1&qr=d,result_entry_patient_dyn,53,127,2.4,X,X,X
"2013-08-14 17:10:07",result_entry_patient_dyn,op=1&qr=f,result_entry_patient_dyn,53,127,2.4,X,X,X
"2013-08-14 17:10:27",result_entry_patient_dyn,op=1&qr=x,result_entry_patient_dyn,53,127,2.4,X,X,X
"2013-08-14 17:10:30",result_entry_patient_dyn,op=1&qr=x,result_entry_patient_dyn,53,127,2.4,X,X,X
"2013-08-14 17:10:33",result_entry_patient_dyn,op=1&qr=x,result_entry_patient_dyn,53,127,2.4,X,X,X
"2013-08-14 17:10:35",result_entry_patient_dyn,op=1&qr=xa,result_entry_patient_dyn,53,127,2.4,X,X,X
"2013-08-14 17:10:40",result_entry_patient_dyn,op=1&qr=y,result_entry_patient_dyn,53,127,2.4,X,X,X
"2013-08-14 17:10:43",result_entry_patient_dyn,op=1&qr=x,result_entry_patient_dyn,53,127,2.4,X,X,X
"2013-08-14 17:10:59",result_entry_patient_dyn,op=1&qr=u,result_entry_patient_dyn,53,127,2.4,X,X,X
"2013-08-14 17:11:06",result_entry_patient_dyn,op=1&qr=Xa,result_entry_patient_dyn,53,127,2.4,X,X,X
"2013-08-14 17:11:13",result_entry_patient_dyn,op=1&qr=Xav,result_entry_patient_dyn,53,127,2.4,X,X,X
"2013-08-14 17:11:15",result_entry_patient_dyn,op=1&qr=Xa,result_entry_patient_dyn,53,127,2.4,X,X,X
"2013-08-14 17:11:34",result_entry_patient_dyn,op=1&qr=xa,result_entry_patient_dyn,53,127,2.4,X,X,X
"2013-08-14 17:15:46",result_entry_patient_dyn,op=1&qr=f,result_entry_patient_dyn,53,127,2.4,X,X,X
"2013-08-14 17:15:50",result_entry_patient_dyn,op=1&qr=xu,result_entry_patient_dyn,53,127,2.4,X,X,X
"2013-08-14 17:15:51",result_entry_patient_dyn,op=1&qr=xa,result_entry_patient_dyn,53,127,2.4,X,X,X
"2013-08-14 17:16:42",result_entry_patient_dyn,op=1&qr=d,result_entry_patient_dyn,53,127,2.4,X,X,X
"2013-08-14 17:17:02",result_entry_patient_dyn,op=1&qr=xu,result_entry_patient_dyn,53,127,2.4,X,X,X
"2013-08-14 17:17:05",result_entry_patient_dyn,op=1&qr=xa,result_entry_patient_dyn,53,127,2.4,X,X,X
"2013-08-14 18:11:41",result_entry_patient_dyn,op=1&qr=d,result_entry_patient_dyn,53,127,2.4,X,X,X
"2013-08-14 18:11:54",result_entry_patient_dyn,op=1&qr=d,result_entry_patient_dyn,53,127,2.4,X,X,X
"2013-08-14 18:26:16",result_entry_patient_dyn,op=1&qr=d,result_entry_patient_dyn,53,127,2.4,X,X,X
"2013-08-14 18:26:17",result_entry_patient_dyn,op=1&qr=d,result_entry_patient_dyn,53,127,2.4,X,X,X
"2013-08-14 18:29:12",result_entry_patient_dyn,op=1&qr=f,result_entry_patient_dyn,53,127,2.4,X,X,X
"2013-08-14 18:29:21",result_entry_patient_dyn,op=1&qr=d,result_entry_patient_dyn,53,127,2.4,X,X,X
"2013-08-14 18:29:22",result_entry_patient_dyn,op=1&qr=d,result_entry_patient_dyn,53,127,2.4,X,X,X
"2013-08-14 18:30:18",result_entry_patient_dyn,op=1&qr=d,result_entry_patient_dyn,53,127,2.4,X,X,X
"2013-08-14 18:30:29",result_entry_patient_dyn,op=1&qr=s,result_entry_patient_dyn,53,127,2.4,X,X,X
"2013-08-14 18:30:33",result_entry_patient_dyn,op=1&qr=d,result_entry_patient_dyn,53,127,2.4,X,X,X
"2013-08-14 18:31:15",result_entry_patient_dyn,op=1&qr=d,result_entry_patient_dyn,53,127,2.4,X,X,X
"2013-08-14 18:31:33",result_entry_patient_dyn,op=1&qr=d,result_entry_patient_dyn,53,127,2.4,X,X,X
"2013-08-14 18:32:29",result_entry_patient_dyn,op=1&qr=d,result_entry_patient_dyn,53,127,2.4,X,X,X
"2013-08-14 18:32:47",result_entry_patient_dyn,op=1&qr=as,result_entry_patient_dyn,53,127,2.4,X,X,X
"2013-08-14 18:32:57",result_entry_patient_dyn,op=1&qr=d,result_entry_patient_dyn,53,127,2.4,X,X,X
"2013-08-14 18:34:15",result_entry_patient_dyn,op=1&qr=s,result_entry_patient_dyn,53,127,2.4,X,X,X
"2013-08-14 18:37:18",result_entry_patient_dyn,op=1&qr=d,result_entry_patient_dyn,53,127,2.4,X,X,X
"2013-08-14 18:37:43",result_entry_patient_dyn,op=1&qr=d,result_entry_patient_dyn,53,127,2.4,X,X,X
"2013-08-14 18:38:18",result_entry_patient_dyn,op=1&qr=s,result_entry_patient_dyn,53,127,2.4,X,X,X
"2013-08-14 18:38:22",result_entry_patient_dyn,op=1&qr=d,result_entry_patient_dyn,53,127,2.4,X,X,X
"2013-08-14 18:38:32",result_entry_patient_dyn,op=1&qr=d,result_entry_patient_dyn,53,127,2.4,X,X,X
"2013-08-14 18:45:02",result_entry_patient_dyn,op=1&qr=s,result_entry_patient_dyn,53,127,2.4,X,X,X
"2013-08-14 18:45:05",result_entry_patient_dyn,op=1&qr=d,result_entry_patient_dyn,53,127,2.4,X,X,X
"2013-08-14 18:45:17",result_entry_patient_dyn,op=1&qr=d,result_entry_patient_dyn,53,127,2.4,X,X,X
"2013-08-14 18:45:30",result_entry_patient_dyn,op=1&qr=d,result_entry_patient_dyn,53,127,2.4,X,X,X
"2013-08-14 18:45:37",result_entry_patient_dyn,op=1&qr=d,result_entry_patient_dyn,53,127,2.4,X,X,X
"2013-08-14 18:58:58",result_entry_patient_dyn,op=1&qr=d,result_entry_patient_dyn,53,127,2.4,X,X,X
"2013-08-14 19:01:14",result_entry_patient_dyn,op=1&qr=d,result_entry_patient_dyn,53,127,2.4,X,X,X
"2013-08-14 19:02:02",result_entry_patient_dyn,op=1&qr=s,result_entry_patient_dyn,53,127,2.4,X,X,X
"2013-08-14 19:02:08",result_entry_patient_dyn,op=1&qr=d,result_entry_patient_dyn,53,127,2.4,X,X,X
"2013-08-14 19:04:20",result_entry_patient_dyn,op=1&qr=s,result_entry_patient_dyn,53,127,2.4,X,X,X
"2013-08-14 19:04:25",result_entry_patient_dyn,op=1&qr=t,result_entry_patient_dyn,53,127,2.4,X,X,X
"2013-08-14 19:04:31",result_entry_patient_dyn,op=1&qr=d,result_entry_patient_dyn,53,127,2.4,X,X,X
"2013-08-15 11:30:21",lab_config_home,X,lab_config_home.php?id=127,53,127,2.4,X,X,X
"2013-08-15 11:31:56",catalog,X,catalog,53,127,2.4,X,X,X
"2013-08-15 11:31:59",lab_config_home,X,lab_config_home.php?id=127,53,127,2.4,X,X,X
"2013-08-15 11:32:00",view_stocks,X,view_stocks,53,127,2.4,X,X,X
"2013-08-15 11:35:56",result_entry_patient_dyn,op=1&qr=s,result_entry_patient_dyn,53,127,2.4,X,X,X
"2013-08-15 11:36:03",result_entry_patient_dyn,op=1&qr=d,result_entry_patient_dyn,53,127,2.4,X,X,X
"2013-08-15 11:41:41",result_entry_patient_dyn,op=1&qr=d,result_entry_patient_dyn,53,127,2.4,X,X,X
"2013-08-15 11:45:14",result_entry_patient_dyn,op=1&qr=d,result_entry_patient_dyn,53,127,2.4,X,X,X
"2013-08-15 11:50:07",result_entry_patient_dyn,op=1&qr=d,result_entry_patient_dyn,53,127,2.4,X,X,X
"2013-08-15 11:57:58",result_entry_patient_dyn,op=1&qr=d,result_entry_patient_dyn,53,127,2.4,X,X,X
"2013-08-15 12:10:28",result_entry_patient_dyn,op=1&qr=d,result_entry_patient_dyn,53,127,2.4,X,X,X
"2013-08-15 12:10:44",result_entry_patient_dyn,op=1&qr=d,result_entry_patient_dyn,53,127,2.4,X,X,X
"2013-08-15 12:11:14",result_entry_patient_dyn,op=1&qr=d,result_entry_patient_dyn,53,127,2.4,X,X,X
"2013-08-15 12:12:45",result_entry_patient_dyn,op=1&qr=d,result_entry_patient_dyn,53,127,2.4,X,X,X
"2013-08-15 12:13:48",result_entry_patient_dyn,op=1&qr=d,result_entry_patient_dyn,53,127,2.4,X,X,X
"2013-08-15 12:27:59",result_entry_patient_dyn,op=1&qr=d,result_entry_patient_dyn,53,127,2.4,X,X,X
"2013-08-15 12:28:47",find_patient,X,find_patient,53,127,2.4,X,X,X
"2013-08-15 12:28:51",search_p,op=1&qr=s,search_p,53,127,2.4,X,X,X
"2013-08-15 12:28:54",new_specimen,pid=12981&dnum=,new_specimen.php?pid=12981,53,127,2.4,X,X,X
"2013-08-15 12:29:06",specimen_add,X,specimen_add.php?session_num=20130815-1,53,127,2.4,X,X,X
"2013-08-15 12:33:11",result_entry_patient_dyn,op=1&qr=d,result_entry_patient_dyn,53,127,2.4,X,X,X
"2013-08-15 12:40:03",result_entry_patient_dyn,op=1&qr=d,result_entry_patient_dyn,53,127,2.4,X,X,X
"2013-08-15 12:42:22",result_entry_patient_dyn,op=1&qr=d,result_entry_patient_dyn,53,127,2.4,X,X,X
"2013-08-15 12:42:48",result_entry_patient_dyn,op=1&qr=d,result_entry_patient_dyn,53,127,2.4,X,X,X
"2013-08-15 12:45:47",result_entry_patient_dyn,op=1&qr=d,result_entry_patient_dyn,53,127,2.4,X,X,X
"2013-08-15 12:47:52",result_entry_patient_dyn,op=1&qr=d,result_entry_patient_dyn,53,127,2.4,X,X,X
"2013-08-15 12:48:29",result_entry_patient_dyn,op=1&qr=d,result_entry_patient_dyn,53,127,2.4,X,X,X
"2013-08-15 12:57:42",result_entry_patient_dyn,op=1&qr=d,result_entry_patient_dyn,53,127,2.4,X,X,X
"2013-08-15 12:58:24",result_entry_patient_dyn,op=1&qr=d,result_entry_patient_dyn,53,127,2.4,X,X,X
"2013-08-15 12:58:42",result_entry_patient_dyn,op=1&qr=s,result_entry_patient_dyn,53,127,2.4,X,X,X
"2013-08-15 12:58:46",result_entry_patient_dyn,op=1&qr=d,result_entry_patient_dyn,53,127,2.4,X,X,X
"2013-08-15 12:59:59",result_entry_patient_dyn,op=1&qr=d,result_entry_patient_dyn,53,127,2.4,X,X,X
"2013-08-15 13:03:07",result_entry_patient_dyn,op=1&qr=d,result_entry_patient_dyn,53,127,2.4,X,X,X
"2013-08-15 13:09:05",result_entry_patient_dyn,op=1&qr=d,result_entry_patient_dyn,53,127,2.4,X,X,X
"2013-08-15 13:09:38",result_entry_patient_dyn,op=1&qr=x,result_entry_patient_dyn,53,127,2.4,X,X,X
"2013-08-15 13:09:41",result_entry_patient_dyn,op=1&qr=d,result_entry_patient_dyn,53,127,2.4,X,X,X
"2013-08-15 13:09:57",result_entry_patient_dyn,op=1&qr=s,result_entry_patient_dyn,53,127,2.4,X,X,X
"2013-08-15 13:11:13",result_entry_patient_dyn,op=1&qr=s,result_entry_patient_dyn,53,127,2.4,X,X,X
"2013-08-15 13:11:15",result_entry_patient_dyn,op=1&qr=d,result_entry_patient_dyn,53,127,2.4,X,X,X
"2013-08-15 13:11:50",result_entry_patient_dyn,op=1&qr=d,result_entry_patient_dyn,53,127,2.4,X,X,X
"2013-08-15 13:12:19",result_entry_patient_dyn,op=1&qr=s,result_entry_patient_dyn,53,127,2.4,X,X,X
"2013-08-15 13:13:00",result_entry_patient_dyn,op=1&qr=d,result_entry_patient_dyn,53,127,2.4,X,X,X
"2013-08-15 13:13:52",result_entry_patient_dyn,op=1&qr=d,result_entry_patient_dyn,53,127,2.4,X,X,X
"2013-08-15 13:14:12",result_entry_patient_dyn,op=1&qr=d,result_entry_patient_dyn,53,127,2.4,X,X,X
"2013-08-15 13:15:45",result_entry_patient_dyn,op=1&qr=d,result_entry_patient_dyn,53,127,2.4,X,X,X
"2013-08-15 13:16:23",result_entry_patient_dyn,op=1&qr=d,result_entry_patient_dyn,53,127,2.4,X,X,X
"2013-08-15 13:18:41",result_entry_patient_dyn,op=1&qr=d,result_entry_patient_dyn,53,127,2.4,X,X,X
"2013-08-15 13:19:00",result_entry_patient_dyn,op=1&qr=ssss,result_entry_patient_dyn,53,127,2.4,X,X,X
"2013-08-15 13:19:03",result_entry_patient_dyn,op=1&qr=d,result_entry_patient_dyn,53,127,2.4,X,X,X
"2013-08-15 13:19:20",result_entry_patient_dyn,op=1&qr=d,result_entry_patient_dyn,53,127,2.4,X,X,X
"2013-08-15 13:19:52",result_entry_patient_dyn,op=1&qr=d,result_entry_patient_dyn,53,127,2.4,X,X,X
"2013-08-15 13:23:06",result_entry_patient_dyn,op=1&qr=d,result_entry_patient_dyn,53,127,2.4,X,X,X
"2013-08-15 13:23:30",result_entry_patient_dyn,op=1&qr=d,result_entry_patient_dyn,53,127,2.4,X,X,X
"2013-08-15 13:23:48",result_entry_patient_dyn,op=1&qr=d,result_entry_patient_dyn,53,127,2.4,X,X,X
"2013-08-15 13:58:47",result_entry_patient_dyn,op=1&qr=d,result_entry_patient_dyn,53,127,2.4,X,X,X
"2013-08-15 14:04:50",result_entry_patient_dyn,op=1&qr=s,result_entry_patient_dyn,53,127,2.4,X,X,X
"2013-08-15 14:07:30",result_entry_patient_dyn,op=1&qr=s,result_entry_patient_dyn,53,127,2.4,X,X,X
"2013-08-15 14:07:55",result_entry_patient_dyn,op=1&qr=s,result_entry_patient_dyn,53,127,2.4,X,X,X
"2013-08-15 14:07:57",result_entry_patient_dyn,op=1&qr=d,result_entry_patient_dyn,53,127,2.4,X,X,X
"2013-08-15 14:10:50",result_entry_patient_dyn,op=1&qr=s,result_entry_patient_dyn,53,127,2.4,X,X,X
"2013-08-15 14:10:52",result_entry_patient_dyn,op=1&qr=d,result_entry_patient_dyn,53,127,2.4,X,X,X
"2013-08-15 14:11:52",result_entry_patient_dyn,op=1&qr=d,result_entry_patient_dyn,53,127,2.4,X,X,X
"2013-08-15 14:13:19",result_entry_patient_dyn,op=1&qr=d,result_entry_patient_dyn,53,127,2.4,X,X,X
"2013-08-15 14:20:47",result_entry_patient_dyn,op=1&qr=d,result_entry_patient_dyn,53,127,2.4,X,X,X
"2013-08-15 14:22:40",result_entry_patient_dyn,op=1&qr=d,result_entry_patient_dyn,53,127,2.4,X,X,X
"2013-08-15 14:23:07",result_entry_patient_dyn,op=1&qr=d,result_entry_patient_dyn,53,127,2.4,X,X,X
"2013-08-15 14:23:48",result_entry_patient_dyn,op=1&qr=s,result_entry_patient_dyn,53,127,2.4,X,X,X
"2013-08-15 14:23:50",result_entry_patient_dyn,op=1&qr=d,result_entry_patient_dyn,53,127,2.4,X,X,X
"2013-08-15 14:33:40",result_entry_patient_dyn,op=1&qr=d,result_entry_patient_dyn,53,127,2.4,X,X,X
"2013-08-15 14:36:32",result_entry_patient_dyn,op=1&qr=d,result_entry_patient_dyn,53,127,2.4,X,X,X
"2013-08-15 14:37:31",result_entry_patient_dyn,op=1&qr=d,result_entry_patient_dyn,53,127,2.4,X,X,X
"2013-08-15 14:38:03",catalog,X,catalog,53,127,2.4,X,X,X
"2013-08-15 14:38:09",test_type_new,X,test_type_new,53,127,2.4,X,X,X
"2013-08-15 14:38:48",catalog,X,catalog,53,127,2.4,X,X,X
"2013-08-15 14:38:52",lab_config_home,X,lab_config_home.php?id=127,53,127,2.4,X,X,X
"2013-08-15 14:38:53",view_stocks,X,view_stocks,53,127,2.4,X,X,X
"2013-08-15 14:40:19",lab_config_home,X,lab_config_home.php?id=127,53,127,2.4,X,X,X
"2013-08-15 14:40:20",view_stocks,X,view_stocks,53,127,2.4,X,X,X
"2013-08-15 14:40:25",result_entry_patient_dyn,op=1&qr=d,result_entry_patient_dyn,53,127,2.4,X,X,X
"2013-08-15 14:42:54",result_entry_patient_dyn,op=1&qr=d,result_entry_patient_dyn,53,127,2.4,X,X,X
"2013-08-15 14:44:14",result_entry_patient_dyn,op=1&qr=d,result_entry_patient_dyn,53,127,2.4,X,X,X
"2013-08-15 14:49:38",result_entry_patient_dyn,op=1&qr=d,result_entry_patient_dyn,53,127,2.4,X,X,X
"2013-08-15 14:52:15",result_entry_patient_dyn,op=1&qr=d,result_entry_patient_dyn,53,127,2.4,X,X,X
"2013-08-15 14:54:58",result_entry_patient_dyn,op=1&qr=d,result_entry_patient_dyn,53,127,2.4,X,X,X
"2013-08-15 14:58:35",result_entry_patient_dyn,op=1&qr=d,result_entry_patient_dyn,53,127,2.4,X,X,X
"2013-08-15 15:15:40",result_entry_patient_dyn,op=1&qr=d,result_entry_patient_dyn,53,127,2.4,X,X,X
"2013-08-15 15:17:24",result_entry_patient_dyn,op=1&qr=d,result_entry_patient_dyn,53,127,2.4,X,X,X
"2013-08-15 15:18:51",result_entry_patient_dyn,op=1&qr=d,result_entry_patient_dyn,53,127,2.4,X,X,X
"2013-08-15 15:34:57",result_entry_patient_dyn,op=1&qr=d,result_entry_patient_dyn,53,127,2.4,X,X,X
"2013-08-15 15:37:49",result_entry_patient_dyn,op=1&qr=s,result_entry_patient_dyn,53,127,2.4,X,X,X
"2013-08-15 15:37:50",result_entry_patient_dyn,op=1&qr=d,result_entry_patient_dyn,53,127,2.4,X,X,X
"2013-08-15 15:38:09",result_entry_patient_dyn,op=1&qr=s,result_entry_patient_dyn,53,127,2.4,X,X,X
"2013-08-15 15:43:31",result_entry_patient_dyn,op=1&qr=d,result_entry_patient_dyn,53,127,2.4,X,X,X
"2013-08-15 15:46:01",result_entry_patient_dyn,op=1&qr=d,result_entry_patient_dyn,53,127,2.4,X,X,X
"2013-08-15 15:49:03",result_entry_patient_dyn,op=1&qr=d,result_entry_patient_dyn,53,127,2.4,X,X,X
"2013-08-15 15:50:24",result_entry_patient_dyn,op=1&qr=d,result_entry_patient_dyn,53,127,2.4,X,X,X
"2013-08-15 15:51:10",result_entry_patient_dyn,op=1&qr=d,result_entry_patient_dyn,53,127,2.4,X,X,X
"2013-08-15 15:52:24",result_entry_patient_dyn,op=1&qr=d,result_entry_patient_dyn,53,127,2.4,X,X,X
"2013-08-15 15:52:38",result_entry_patient_dyn,op=1&qr=d,result_entry_patient_dyn,53,127,2.4,X,X,X
"2013-08-15 15:53:13",result_entry_patient_dyn,op=1&qr=d,result_entry_patient_dyn,53,127,2.4,X,X,X
"2013-08-15 15:53:32",result_entry_patient_dyn,op=1&qr=d,result_entry_patient_dyn,53,127,2.4,X,X,X
"2013-08-15 15:54:06",result_entry_patient_dyn,op=1&qr=d,result_entry_patient_dyn,53,127,2.4,X,X,X
"2013-08-15 15:54:19",result_entry_patient_dyn,op=1&qr=d,result_entry_patient_dyn,53,127,2.4,X,X,X
"2013-08-15 15:55:04",result_entry_patient_dyn,op=1&qr=d,result_entry_patient_dyn,53,127,2.4,X,X,X
"2013-08-15 15:55:42",result_entry_patient_dyn,op=1&qr=d,result_entry_patient_dyn,53,127,2.4,X,X,X
"2013-08-15 16:00:57",result_entry_patient_dyn,op=1&qr=d,result_entry_patient_dyn,53,127,2.4,X,X,X
"2013-08-15 16:02:48",result_entry_patient_dyn,op=1&qr=d,result_entry_patient_dyn,53,127,2.4,X,X,X
"2013-08-15 16:03:02",result_entry_patient_dyn,op=1&qr=xzxczxc,result_entry_patient_dyn,53,127,2.4,X,X,X
"2013-08-15 16:03:25",result_entry_patient_dyn,op=1&qr=d,result_entry_patient_dyn,53,127,2.4,X,X,X
"2013-08-15 16:04:36",result_entry_patient_dyn,op=1&qr=d,result_entry_patient_dyn,53,127,2.4,X,X,X
"2013-08-15 16:12:03",result_entry_patient_dyn,op=1&qr=d,result_entry_patient_dyn,53,127,2.4,X,X,X
"2013-08-15 16:13:46",result_entry_patient_dyn,op=1&qr=d,result_entry_patient_dyn,53,127,2.4,X,X,X
"2013-08-15 16:14:54",result_entry_patient_dyn,op=1&qr=d,result_entry_patient_dyn,53,127,2.4,X,X,X
"2013-08-15 16:20:02",result_entry_patient_dyn,op=1&qr=d,result_entry_patient_dyn,53,127,2.4,X,X,X
"2013-08-15 16:20:47",result_entry_patient_dyn,op=1&qr=d,result_entry_patient_dyn,53,127,2.4,X,X,X
"2013-08-15 16:22:32",result_entry_patient_dyn,op=1&qr=d,result_entry_patient_dyn,53,127,2.4,X,X,X
"2013-08-15 16:24:34",result_entry_patient_dyn,op=1&qr=s,result_entry_patient_dyn,53,127,2.4,X,X,X
"2013-08-15 16:24:41",result_entry_patient_dyn,op=1&qr=d,result_entry_patient_dyn,53,127,2.4,X,X,X
"2013-08-15 16:27:58",result_entry_patient_dyn,op=1&qr=d,result_entry_patient_dyn,53,127,2.4,X,X,X
"2013-08-15 16:40:23",result_entry_patient_dyn,op=1&qr=d,result_entry_patient_dyn,53,127,2.4,X,X,X
"2013-08-15 16:40:59",result_entry_patient_dyn,op=1&qr=d,result_entry_patient_dyn,53,127,2.4,X,X,X
"2013-08-15 16:42:33",result_entry_patient_dyn,op=1&qr=S,result_entry_patient_dyn,53,127,2.4,X,X,X
"2013-08-15 16:44:23",result_entry_patient_dyn,op=1&qr=D,result_entry_patient_dyn,53,127,2.4,X,X,X
"2013-08-15 16:45:38",result_entry_patient_dyn,op=1&qr=D,result_entry_patient_dyn,53,127,2.4,X,X,X
"2013-08-15 16:45:43",result_entry_patient_dyn,op=1&qr=D,result_entry_patient_dyn,53,127,2.4,X,X,X
"2013-08-15 16:46:34",result_entry_patient_dyn,op=1&qr=d,result_entry_patient_dyn,53,127,2.4,X,X,X
"2013-08-15 16:48:57",result_entry_patient_dyn,op=1&qr=s,result_entry_patient_dyn,53,127,2.4,X,X,X
"2013-08-15 16:49:01",result_entry_patient_dyn,op=1&qr=d,result_entry_patient_dyn,53,127,2.4,X,X,X
"2013-08-15 16:59:12",result_entry_patient_dyn,op=1&qr=d,result_entry_patient_dyn,53,127,2.4,X,X,X
"2013-08-15 16:59:44",result_entry_patient_dyn,op=1&qr=d,result_entry_patient_dyn,53,127,2.4,X,X,X
"2013-08-15 17:00:53",result_entry_patient_dyn,op=1&qr=d,result_entry_patient_dyn,53,127,2.4,X,X,X
"2013-08-15 17:01:23",result_entry_patient_dyn,op=1&qr=d,result_entry_patient_dyn,53,127,2.4,X,X,X
"2013-08-15 17:01:52",result_entry_patient_dyn,op=1&qr=d,result_entry_patient_dyn,53,127,2.4,X,X,X
"2013-08-15 17:06:24",result_entry_patient_dyn,op=1&qr=d,result_entry_patient_dyn,53,127,2.4,X,X,X
"2013-08-15 17:06:46",result_entry_patient_dyn,op=1&qr=s,result_entry_patient_dyn,53,127,2.4,X,X,X
"2013-08-15 17:06:48",result_entry_patient_dyn,op=1&qr=d,result_entry_patient_dyn,53,127,2.4,X,X,X
"2013-08-15 17:07:30",result_entry_patient_dyn,op=1&qr=d,result_entry_patient_dyn,53,127,2.4,X,X,X
"2013-08-15 17:08:13",result_entry_patient_dyn,op=1&qr=d,result_entry_patient_dyn,53,127,2.4,X,X,X
"2013-08-15 17:12:08",find_patient,X,find_patient,53,127,2.4,X,X,X
"2013-08-15 17:12:12",search_p,op=1&qr=s,search_p,53,127,2.4,X,X,X
"2013-08-15 17:12:14",new_specimen,pid=12981&dnum=,new_specimen.php?pid=12981,53,127,2.4,X,X,X
"2013-08-15 17:12:18",specimenbox_add,X,specimenbox_add.php?num=2&pid=12981&dnum=2&doc=&title=Dr.&session_num=20130815-2,53,127,2.4,X,X,X
"2013-08-15 17:13:05",specimen_add,X,specimen_add.php?session_num=20130815-2,53,127,2.4,X,X,X
"2013-08-15 17:53:51",find_patient,X,find_patient,53,127,2.4,X,X,X
